{
    "score": 31.175728825526996,
    "counts": [
        47619,
        28397,
        18661,
        12543
    ],
    "totals": [
        80253,
        77250,
        74247,
        71245
    ],
    "precisions": [
        59.33609958506224,
        36.759870550161814,
        25.133675434697697,
        17.60544599621026
    ],
    "bp": 0.9946438796938807,
    "sys_len": 80253,
    "ref_len": 80684
}