{
    "score": 33.9307239586224,
    "counts": [
        48935,
        30025,
        19838,
        13303
    ],
    "totals": [
        74440,
        71437,
        68434,
        65433
    ],
    "precisions": [
        65.73750671681891,
        42.030040455226285,
        28.988514481105884,
        20.33071997310226
    ],
    "bp": 0.9498503502150155,
    "sys_len": 74440,
    "ref_len": 78270
}