{
    "bleu": 0.34060208086386523,
    "precisions": [
        0.6597686426770204,
        0.42245573068690406,
        0.2915451895043732,
        0.20484668344909163
    ],
    "brevity_penalty": 0.948244589907715,
    "length_ratio": 0.9495388435615466,
    "translation_length": 74949,
    "reference_length": 78932
}